{
    "7": {
        "_xfig": {
            "xywh": [
                0.3384074427909243,
                0.3774832799510176,
                0.014408099688473508,
                0.021232402492499414
            ]
        },
        "_uohi": {
            "xywh": [
                0.3904583254492835,
                0.3804835107380012,
                0.021417445482866004,
                0.03415647357489038
            ]
        },
        "_axns": {
            "xywh": [
                0.42433974212015546,
                0.37596176053929464,
                0.013802415422698944,
                0.02227260602827419
            ]
        },
        "_nwkz": {
            "xywh": [
                0.4678848625162248,
                0.38042961863478675,
                0.016877953641887378,
                0.028274206455054685
            ]
        },
        "_rtay": {
            "xywh": [
                0.44631858841825767,
                0.37556165384417595,
                0.012602205385942533,
                0.018805014670578823
            ]
        },
        "_ljdj": {
            "xywh": [
                0.43532916526920656,
                0.3765619205819727,
                0.013127297277023442,
                0.0210722859429181
            ]
        },
        "_bfav": {
            "xywh": [
                0.5035591889288958,
                0.3766499838431569,
                0.011528229382205213,
                0.018709270548665113
            ]
        },
        "_dvhy": {
            "xywh": [
                0.5491532276214308,
                0.37662317829552294,
                0.017064408519373964,
                0.02668795620437958
            ]
        },
        "_dyao": {
            "xywh": [
                0.5674685984194805,
                0.37776368924442805,
                0.01712856043110078,
                0.028056569343065663
            ]
        }
    },
    "17": {
        "_qnff": {
            "xywh": [
                0.391843262781551,
                0.3795172622611392,
                0.021449151638032182,
                0.03585657370517936
            ]
        },
        "_rter": {
            "xywh": [
                0.32386103386481435,
                0.3783337423794948,
                0.014551804423748538,
                0.022306542485914682
            ]
        },
        "_gugv": {
            "xywh": [
                0.41330058943869685,
                0.3779497545915067,
                0.01465606127559288,
                0.025661167844985566
            ]
        },
        "_mait": {
            "xywh": [
                0.4347216450275163,
                0.37685065692132175,
                0.014238369952129626,
                0.022040370976541213
            ]
        },
        "_yjvp": {
            "xywh": [
                0.4468426711721094,
                0.37772354290059074,
                0.014299742236406066,
                0.026404800872885936
            ]
        },
        "_knla": {
            "xywh": [
                0.48699514765747537,
                0.3765561694868199,
                0.011948676824378501,
                0.019247219846022234
            ]
        },
        "_pwfc": {
            "xywh": [
                0.5491633167381289,
                0.37607629245322644,
                0.017264027021955286,
                0.025521267723102592
            ]
        },
        "_qydx": {
            "xywh": [
                0.5675435766610777,
                0.37744277643408664,
                0.017656090071647812,
                0.028961334344200174
            ]
        }
    },
    "50": {
        "_izvr": {
            "xywh": [
                0.3556270456753943,
                0.3810750546533809,
                0.021396396396396344,
                0.035675282125955554
            ]
        },
        "_wxps": {
            "xywh": [
                0.324300264348613,
                0.37570556065993344,
                0.01484438984438985,
                0.022388059701492546
            ]
        },
        "_eovp": {
            "xywh": [
                0.420356993623508,
                0.37734641070847164,
                0.017468313292167692,
                0.02860031778130867
            ]
        },
        "_inqg": {
            "xywh": [
                0.4384346666816815,
                0.37662418046146884,
                0.01446213844653882,
                0.0231113679040878
            ]
        },
        "_wyhp": {
            "xywh": [
                0.4480143148994121,
                0.37679977720127095,
                0.012220506278117216,
                0.021845529425808752
            ]
        },
        "_rdvs": {
            "xywh": [
                0.48535224636500085,
                0.37550920649167446,
                0.012485909997398792,
                0.018806844458147065
            ]
        },
        "_apzz": {
            "xywh": [
                0.5182578216706455,
                0.3784381412843367,
                0.017601664787999627,
                0.030522583628796063
            ]
        },
        "_wspj": {
            "xywh": [
                0.5677679231186643,
                0.3758945926486037,
                0.013092863955605716,
                0.02081085247417913
            ]
        },
        "_qlog": {
            "xywh": [
                0.587493926760388,
                0.37874645020988007,
                0.017168126246423276,
                0.02713118544781873
            ]
        }
    },
    "146": {
        "_cdvw": {
            "xywh": [
                0.3413204160275366,
                0.47272114930226944,
                0.01588736760526993,
                0.02296211251435132
            ]
        },
        "_houd": {
            "xywh": [
                0.4256655464847828,
                0.4768543295548527,
                0.024928958925342304,
                0.04225028702640643
            ]
        },
        "_dhsx": {
            "xywh": [
                0.4632527332582263,
                0.47593584505427866,
                0.01950400413329889,
                0.032606199770378874
            ]
        },
        "_rsic": {
            "xywh": [
                0.4953329145730031,
                0.47323570899120015,
                0.013494967978042116,
                0.02114680764538429
            ]
        },
        "_esfs": {
            "xywh": [
                0.5150117712082993,
                0.4760471967021676,
                0.015835411471321614,
                0.025714919086677
            ]
        },
        "_mdue": {
            "xywh": [
                0.6125803497619152,
                0.4744954343434888,
                0.02094763092269325,
                0.030591886499667487
            ]
        },
        "_dvlw": {
            "xywh": [
                0.6386236198000597,
                0.4752716933928207,
                0.021844410097887734,
                0.035720827990474435
            ]
        },
        "_awav": {
            "xywh": [
                0.6776034320868305,
                0.4745998628101509,
                0.017834495878249812,
                0.026352874859075504
            ]
        }
    },
    "264": {
        "_gstz": {
            "xywh": [
                0.4325857564781279,
                0.376165575165448,
                0.01315789473684209,
                0.02166953952228512
            ]
        },
        "_jwsn": {
            "xywh": [
                0.49740376597829716,
                0.37818375097666246,
                0.020984156961494083,
                0.03805260212646894
            ]
        },
        "_snjn": {
            "xywh": [
                0.5288800014205383,
                0.37594536261628186,
                0.01468890987304583,
                0.025741466144376057
            ]
        },