{
    "7": {
        "_xfig": {
            "xywh": [
                0.3378866094575909,
                0.37655735402509166,
                0.013887266355140175,
                0.021232402492499414
            ]
        },
        "_uohi": {
            "xywh": [
                0.3904583254492835,
                0.3786316588861493,
                0.018292445482865995,
                0.03045276987118667
            ]
        },
        "_axns": {
            "xywh": [
                0.42433974212015546,
                0.3750358346133687,
                0.012239915422698944,
                0.02134668010234826
            ]
        },
        "_nwkz": {
            "xywh": [
                0.4678848625162248,
                0.3776518408570089,
                0.015315453641887375,
                0.023644576825425048
            ]
        },
        "_rtay": {
            "xywh": [
                0.44527692175159095,
                0.37463572791825,
                0.0105188720526092,
                0.01695316281872697
            ]
        },
        "_ljdj": {
            "xywh": [
                0.4348083319358732,
                0.3765619205819727,
                0.011043963943690109,
                0.0210722859429181
            ]
        },
        "_bfav": {
            "xywh": [
                0.5030383555955625,
                0.37572405791723096,
                0.010486562715538546,
                0.01685741869681326
            ]
        },
        "_dvhy": {
            "xywh": [
                0.5486323942880975,
                0.375697252369597,
                0.014981075186040627,
                0.024836104352527727
            ]
        },
        "_dyao": {
            "xywh": [
                0.5674685984194805,
                0.37591183739257616,
                0.014003560431100778,
                0.024352865639361954
            ]
        }
    },
    "17": {
        "_qnff": {
            "xywh": [
                0.391843262781551,
                0.37673948448336136,
                0.017803318304698838,
                0.02937509222369787
            ]
        },
        "_rter": {
            "xywh": [
                0.323340200531481,
                0.37740781645356886,
                0.010905971090415205,
                0.0195287647081369
            ]
        },
        "_gugv": {
            "xywh": [
                0.41330058943869685,
                0.3760979027396548,
                0.012572727942259547,
                0.019179686363504075
            ]
        },
        "_mait": {
            "xywh": [
                0.4347216450275163,
                0.37499880506946986,
                0.010592536618796293,
                0.020188519124689358
            ]
        },
        "_yjvp": {
            "xywh": [
                0.44528017117210933,
                0.37587169104873885,
                0.012216408903072733,
                0.022701097169182227
            ]
        },
        "_knla": {
            "xywh": [
                0.48699514765747537,
                0.375630243560894,
                0.010386176824378502,
                0.01739536799417038
            ]
        },
        "_pwfc": {
            "xywh": [
                0.5491633167381289,
                0.3751503665273005,
                0.014139027021955282,
                0.023669415871250737
            ]
        },
        "_qydx": {
            "xywh": [
                0.5675435766610777,
                0.37559092458223475,
                0.014010256738314474,
                0.024331704714570537
            ]
        }
    },
    "50": {
        "_izvr": {
            "xywh": [
                0.3556270456753943,
                0.379223202801529,
                0.018271396396396335,
                0.031045652496325918
            ]
        },
        "_wxps": {
            "xywh": [
                0.3237794310152796,
                0.3747796347340075,
                0.01171938984438985,
                0.019610281923714765
            ]
        },
        "_eovp": {
            "xywh": [
                0.420356993623508,
                0.37549455885661975,
                0.014343313292167688,
                0.02489661407760496
            ]
        },
        "_inqg": {
            "xywh": [
                0.4389555000150149,
                0.3756982545355429,
                0.010295471779872153,
                0.020333590126310017
            ]
        },
        "_wyhp": {
            "xywh": [
                0.4469726482327454,
                0.37494792534941906,
                0.010137172944783883,
                0.018141825722105043
            ]
        },
        "_rdvs": {
            "xywh": [
                0.4848314130316675,
                0.3745832805657485,
                0.009360909997398793,
                0.016029066680369283
            ]
        },
        "_apzz": {
            "xywh": [
                0.5177369883373122,
                0.3756603635065589,
                0.014997498121332956,
                0.023115176221388645
            ]
        },
        "_wspj": {
            "xywh": [
                0.5677679231186643,
                0.3740427407967518,
                0.011009530622272383,
                0.016181222844549495
            ]
        },
        "_qlog": {
            "xywh": [
                0.587493926760388,
                0.3768945983580282,
                0.014043126246423274,
                0.02342748174411502
            ]
        }
    },
    "146": {
        "_cdvw": {
            "xywh": [
                0.34079958269420324,
                0.47086929745041756,
                0.013283200938603265,
                0.020184334736573536
            ]
        },
        "_houd": {
            "xywh": [
                0.4256655464847828,
                0.472224699925223,
                0.019720625592008954,
                0.03299102776714716
            ]
        },
        "_dhsx": {
            "xywh": [
                0.4632527332582263,
                0.4722321413505749,
                0.015858170799965546,
                0.026124718288897383
            ]
        },
        "_rsic": {
            "xywh": [
                0.4953329145730031,
                0.4713838571393483,
                0.010369967978042117,
                0.01836902986760651
            ]
        },
        "_esfs": {
            "xywh": [
                0.514490937874966,
                0.4741953448503157,
                0.012189578137988282,
                0.02293714130889922
            ]
        },
        "_mdue": {
            "xywh": [
                0.6125803497619152,
                0.4726435824916369,
                0.016260130922693235,
                0.02596225687003785
            ]
        },
        "_dvlw": {
            "xywh": [
                0.639144453133393,
                0.47156798968911695,
                0.01715691009788772,
                0.028313420583067017
            ]
        },
        "_awav": {
            "xywh": [
                0.6776034320868305,
                0.472748010958299,
                0.01366782921158314,
                0.022649171155371794
            ]
        }
    },
    "264": {
        "_gstz": {
            "xywh": [
                0.4325857564781279,
                0.37431372331359614,
                0.010553728070175425,
                0.01796583581858141
            ]
        },
        "_jwsn": {
            "xywh": [
                0.49740376597829716,
                0.37540597319888463,
                0.016817490294827403,
                0.032497046570913374
            ]
        },
        "_snjn": {
            "xywh": [
                0.5288800014205383,
                0.37409351076443,
                0.011043076539712498,
                0.02111183651474642
            ]
        },